LIMIT_BAL;SEX;EDUCATION;MARRIAGE;AGE;PAY_0;PAY_2;PAY_3;PAY_4;PAY_5;PAY_6;BILL_AMT1;BILL_AMT2;BILL_AMT3;BILL_AMT4;BILL_AMT5;BILL_AMT6;PAY_AMT1;PAY_AMT2;PAY_AMT3;PAY_AMT4;PAY_AMT5;PAY_AMT6
230623;2;1;1;36;5;0;4;5;-2;1;193198;550317;516818;263629;131933;351142;137910;49109;146254;134167;138906;96468
215102;1;3;1;29;-1;7;0;2;0;2;312525;86492;130730;11091;119799;30281;189178;138291;116507;194870;169331;101936
181811;1;4;1;47;3;5;1;7;3;6;295311;105504;422615;303107;594470;57834;20512;130035;56592;33277;114253;136729
703555;2;2;2;29;3;3;4;-1;1;3;20475;189137;428069;163661;507758;363518;121443;192553;159742;44375;97639;177983
411768;2;2;2;22;6;5;7;2;-2;4;314793;548079;548566;151760;241212;426533;165332;106582;84941;170065;99362;50699
479356;1;4;1;30;2;1;1;5;5;-1;34490;481749;162438;510691;158645;231261;74028;161081;157995;173972;141648;109925
681223;1;3;3;59;3;5;7;1;1;2;517770;347275;572472;45031;183369;219283;129604;125615;186026;55761;59059;117410
550322;1;2;1;34;4;2;5;4;-2;3;284509;111454;2047;482683;284100;28269;109958;33836;82677;140654;66022;44509
40522;1;4;3;42;5;4;-1;7;0;1;495978;484436;249300;304300;448951;396972;154739;192497;174393;21514;197291;128535
20786;1;4;3;21;1;1;6;0;-2;-1;317671;287672;2068;347108;51773;173681;48900;96215;94385;11595;125070;146605
717245;1;4;1;49;0;5;8;8;8;4;462611;104896;237536;33;487219;449796;105464;31908;133826;170996;182929;104673
761296;2;4;3;43;7;-1;5;7;7;8;147795;396435;281956;189092;440035;184740;120819;32985;142513;127469;32020;172057
751231;1;4;1;24;5;3;8;6;5;-1;354363;322715;477146;402116;41400;254403;148672;171967;171414;76845;31330;2884
69730;1;3;3;38;5;-1;3;0;-1;1;461967;425931;555049;494420;4983;420884;15774;187633;153906;83536;162835;8588
542872;2;4;3;61;0;7;7;1;-1;3;446534;559928;38690;543607;139932;218324;53257;182282;72663;136444;81088;166503
84957;2;4;2;47;8;2;6;2;4;0;472034;39803;699;509955;27954;149376;95086;45258;114490;60607;56066;40069
344497;2;1;1;65;6;4;3;6;-2;6;22946;88702;100973;552039;1036;55016;122789;43849;116513;163661;165151;83716
80125;2;3;2;52;-2;-2;5;2;8;5;84919;271297;555658;547290;269473;367530;925;110454;90547;144295;90988;179422
108111;1;2;1;22;3;-1;0;6;-1;7;443878;211901;435460;73711;528645;277572;157158;89828;9724;2178;142868;70443
788649;2;4;3;29;5;2;2;3;8;7;67857;137364;565456;43178;365160;384050;8149;133468;17924;147736;171498;13864
159578;1;4;3;27;6;2;0;-1;1;4;130024;287136;166430;94947;226328;189272;111683;10465;10186;108859;93180;137529
570055;1;4;1;63;4;-2;6;3;1;6;11686;380068;302128;150009;239529;105270;82403;37171;2070;103470;26724;72354
605391;1;4;2;24;3;4;5;3;2;7;166628;523866;430683;392412;181254;574086;52631;67114;143156;179459;165135;169676
257721;1;3;1;61;2;2;0;-1;-1;-1;599653;505543;490826;351327;180927;343613;72704;5886;51296;53666;146186;135294
180191;1;3;2;46;0;6;7;3;3;7;61477;334234;117224;584795;223166;102188;92933;196598;66531;2629;47198;72615
160816;1;4;1;69;5;6;7;5;0;4;390427;206746;514896;13732;17061;581914;188623;125494;4581;142707;140586;197343
246233;2;1;3;44;4;7;5;5;8;2;132614;505737;180545;272879;362288;1666;171052;105104;160716;43661;32083;115995
582860;1;2;3;57;8;8;6;-2;2;4;598064;321504;182436;468516;353742;544170;131195;162179;16250;48183;166316;101302
605679;1;3;2;53;3;-2;2;4;8;1;205536;127806;344374;537961;373093;583734;76900;128641;47904;95836;114768;141086
517846;1;4;2;31;4;8;0;-2;4;6;244966;196544;218927;426653;77901;497385;191740;24173;123287;175836;25338;25072
51838;2;3;2;58;0;8;8;6;8;1;587914;236302;559406;409616;548813;573648;50355;75457;61711;104964;182963;45712
744718;1;4;3;32;6;-2;-2;1;0;-2;565370;466002;227936;7255;231995;217678;65949;125342;16715;113185;90123;102389
630933;2;3;1;38;-2;1;5;3;6;3;442677;21601;153579;38898;369219;365340;89005;95781;32319;120170;58212;82282
323565;1;3;2;25;-2;7;-2;6;1;3;396462;299775;106513;407656;292547;273304;108475;41853;58909;187389;192822;88292
413540;1;3;3;53;-1;-2;0;1;4;3;259756;207527;522746;163746;234073;432172;199016;197587;33126;73237;43276;160191
213280;1;1;2;66;1;5;3;8;2;7;585159;51881;544765;259931;357726;83642;11815;179327;129142;62268;82426;143603
678268;2;2;2;43;4;7;0;2;2;4;498996;490665;552632;180525;373583;440919;51367;101062;72067;108253;168172;36255
755343;1;2;1;63;1;3;2;0;-2;0;236125;252475;471845;416010;391495;145483;69088;10965;190276;164233;74805;113460
305218;1;2;2;66;5;7;5;0;8;0;485220;448836;330039;304226;54130;362511;71154;161422;114693;183386;7226;169400
637788;2;1;2;47;-1;-2;2;7;1;3;392382;479744;466091;138832;215002;296922;137564;89669;122986;117966;161120;34044
711681;2;4;3;39;-1;0;2;8;1;5;148739;66848;251973;398832;537888;24205;187279;138498;38232;24257;69385;9512
230115;1;4;1;40;-2;5;7;1;6;-1;84463;358367;133396;165254;125177;28268;104182;2170;145971;194054;75270;76072
572753;1;2;3;69;-2;6;4;1;7;3;98904;546111;337649;593349;432071;595178;17954;169402;69080;109949;70662;44691
795779;1;4;3;39;0;2;6;-2;6;2;110594;230223;490209;570543;33546;236592;129451;167343;123095;187067;105133;105873
442826;1;2;3;27;-2;0;-1;-1;7;4;568605;265406;61760;325671;501837;155596;127177;75706;134948;191718;191959;46543
122187;1;2;2;30;0;6;1;3;4;5;402839;191569;145223;138278;145878;277218;65046;38016;74903;183159;106137;37325
599069;2;4;1;69;1;4;2;1;0;4;156354;217344;418388;148952;431242;102281;52145;173182;24193;198617;173885;185329
309696;1;1;3;21;4;1;-2;1;2;7;136343;217389;426821;266024;323598;185717;151875;78253;94684;144396;117306;145670
419086;2;2;3;54;2;7;5;-2;-1;-2;67406;502755;37357;21614;266499;100044;82265;25484;61530;140940;140588;62326
386136;1;1;1;33;3;4;6;6;0;4;496111;187904;304530;539871;501980;311985;33807;27651;123229;22688;137214;47694
73495;1;2;2;49;-2;-1;-2;0;-2;6;298481;464486;249015;274063;571214;396849;99340;101680;147732;92008;177310;12468
227360;1;3;1;38;3;8;7;2;0;5;330222;153835;107991;474272;351678;413227;181975;93812;7365;50741;36410;119002
475524;1;3;2;56;2;0;-2;7;4;3;335475;406364;245439;395944;354436;4279;103629;176623;103277;116480;6867;174095
360972;2;4;1;38;-1;6;7;3;6;-1;496110;130708;46079;184745;229560;299651;194186;95076;121687;188280;135307;120605
376256;1;2;2;32;-1;-1;3;4;7;1;68452;389638;209748;596514;154474;216776;127224;42645;119338;77632;45089;187553
376094;2;4;1;26;0;-2;-1;-1;4;7;236234;391268;388372;54289;446973;76520;95499;135494;187892;14447;105948;31877
63788;1;1;1;23;5;0;7;3;0;1;138629;364911;112990;192849;507813;131091;171861;67353;172521;182049;89429;179228
358039;2;4;2;26;1;2;-1;-1;-1;3;525447;484197;482155;359454;394356;515221;54683;149900;13673;157836;133936;45294
364091;2;4;1;29;0;2;8;4;1;0;114042;18274;99400;455044;293653;264093;159888;70894;158428;96682;126335;171287
465883;2;3;2;68;1;6;-2;6;-1;-2;4067;285024;536162;312621;92909;493307;120845;9142;43679;103805;118356;101812
782217;1;4;2;65;8;-2;4;3;2;1;306640;345850;536561;444047;575868;580076;98920;120385;84910;86039;139827;55708
90996;2;4;2;51;7;0;1;7;1;-1;303346;380585;365841;354511;61559;493205;80012;198103;129238;58960;134339;198031
143174;2;3;1;41;2;7;0;6;7;-2;381239;358204;315252;71747;401459;586218;171412;91535;79904;86555;143651;130703
99158;1;1;2;33;8;4;2;1;2;1;80227;419210;497288;102706;436427;342589;141286;63666;160208;4716;85187;66268
636141;2;3;3;60;8;-1;3;-2;2;6;233389;582532;95382;497009;134419;17053;131486;137358;20232;59146;85508;152780
469767;2;3;1;47;-1;6;4;5;4;5;536262;204467;193326;316613;352089;570431;16051;52535;128758;86144;67055;21653
324281;1;4;3;55;-2;0;0;7;5;-1;138847;69299;301678;413395;20720;308314;75583;24342;53390;85462;66319;182758
414111;1;3;3;65;1;1;-1;8;0;6;357651;396618;379849;43781;550236;85630;127651;29825;156808;80742;39978;150281
215705;1;1;1;51;5;3;1;3;2;8;496781;549891;94846;424955;325891;216749;31798;38872;161277;56150;181380;66744
125525;1;1;1;36;0;1;-1;4;8;5;597307;318212;226201;88879;366556;545738;18648;188837;5105;17676;158909;129462
781833;2;4;1;29;0;7;-2;2;-1;4;48085;563069;6378;415111;158136;228950;59330;29538;86560;139264;187268;177865
746811;1;1;1;61;2;-2;6;5;3;5;517184;749;293547;508068;145744;541310;183094;109974;18994;140327;128935;175384
190364;1;4;1;55;1;1;8;1;0;5;198344;439346;53478;559874;273541;563121;160447;187030;4205;28197;147959;127770
201095;1;3;2;63;5;6;-2;1;0;3;560385;466794;540171;524394;142103;321606;93841;132037;85783;130417;190565;181706
458322;1;3;2;23;1;3;8;0;4;0;310253;424479;8626;165458;38764;436861;106268;61965;4026;198617;65281;8473
595408;1;3;2;66;7;6;3;8;4;1;437264;261736;145170;83524;488308;351084;112535;81552;120794;194250;74112;116559
693945;1;1;3;23;-1;0;5;2;3;8;12898;544299;314460;226439;521034;323357;174772;101736;96571;54549;25114;78263
458317;2;2;1;59;3;-2;-1;1;7;2;29009;206083;162881;405584;533085;247752;181662;117244;88955;76360;64981;20430
556617;1;4;1;49;4;-1;6;4;-1;7;29238;171197;59829;559825;248965;270000;191425;37367;61238;26250;60008;147346
524662;2;2;2;44;0;5;-2;5;5;-2;428687;235707;518515;450219;145069;6951;5583;195981;43459;184223;158834;42295
248558;1;4;3;56;1;-1;-2;1;-1;7;35982;325961;472299;186871;527539;310155;98787;126057;136869;65162;169091;160444
470270;2;3;2;26;1;6;1;0;6;8;574432;308873;116503;131723;119023;589471;87240;72977;46809;80714;17774;47298
732820;2;1;1;29;8;0;1;7;0;8;442580;338378;351512;51180;458498;562715;120250;28045;62210;102822;3467;25570
720488;1;2;2;23;6;6;6;-2;2;-1;247316;221251;466089;554986;393874;76397;111380;29099;171636;74788;182722;199123
337012;1;1;2;58;7;7;6;4;0;5;573549;282606;222596;345416;593320;180677;76710;28708;77366;188208;130259;169045
666878;1;1;3;36;6;-1;5;8;-2;5;318588;377352;19422;137539;238877;180731;103185;83306;77977;64495;94934;38072
650537;2;3;1;29;-1;-1;5;4;5;8;460374;457615;265777;369036;305212;146087;55921;106268;182936;129785;174634;154171
412688;1;1;3;67;6;8;6;8;0;-2;557252;223956;370066;149299;488233;243926;16733;179897;109192;61470;190754;103321
415732;1;1;3;32;3;5;7;8;6;2;215144;55103;108877;196553;430104;29500;64139;133558;28639;131078;3398;20803
247190;1;2;1;23;7;8;3;0;6;3;154668;487851;33465;551735;157027;255962;50102;173330;18544;44704;14640;118111
655108;1;1;3;42;7;1;5;-2;-1;-2;183496;517912;377524;7436;276982;308320;64894;190330;96864;178599;197969;57318
533230;2;3;2;53;3;8;-1;7;2;0;32814;274227;340430;213372;457723;395633;73968;99383;65790;27923;32532;162124
524186;2;3;1;41;-2;1;2;8;5;0;49126;272007;570602;36711;6705;580570;196509;41613;96220;107569;100433;140990
200737;2;2;2;59;1;1;6;-2;2;-1;173405;372407;571664;450376;358607;457075;169299;108797;104573;178220;186231;160511
140817;2;4;2;33;3;7;0;0;1;3;246881;420826;71410;466214;482731;327842;104600;131429;115882;1661;51384;70537
397703;1;2;2;68;1;5;8;7;8;-1;136050;184071;473343;534883;389713;164596;166153;117993;138808;151386;41380;8877
771681;2;2;3;32;2;2;2;1;5;5;599766;458644;365096;13101;319384;356750;150665;142741;130179;70473;97194;154308
714768;2;2;2;21;7;-2;0;-2;3;-1;423873;100532;178038;141509;317253;44435;153640;170036;15232;138828;121343;83517
397354;2;4;2;62;5;6;-1;6;2;3;190899;581697;423819;41483;93838;259500;180237;169045;69322;143228;117182;73791
628039;1;1;3;35;4;-1;5;4;1;0;84384;82201;353073;10391;217521;20591;165140;69788;104983;64431;192489;162810
228793;1;1;2;27;6;3;4;3;6;3;40609;268729;65162;554832;45136;257400;51946;180715;153801;26822;187302;155972
266399;1;2;1;58;7;4;6;-1;-2;0;369742;248943;157750;4807;306334;37963;159582;100271;159513;151272;89524;161971
49914;1;3;2;29;-1;5;7;2;-2;4;113986;140082;210602;347733;159974;326083;89896;133420;47984;17291;38483;118309
373699;1;3;2;51;-2;2;8;8;5;6;479105;7870;451638;145812;279693;367423;51568;180030;3087;113490;147092;7266
42923;2;2;1;66;2;3;6;-1;6;3;496225;598840;138252;252585;241233;280542;12923;69772;168169;144185;182293;174443
236354;1;4;2;41;8;6;5;8;0;1;483783;37749;317650;403291;294216;468381;578;199797;155111;179787;131735;191031
261311;1;1;1;38;0;7;5;1;7;7;65243;123712;239521;182939;408128;336258;95169;139697;148808;135329;27656;154891
27983;1;4;3;27;4;4;1;8;2;1;89171;127987;402484;411463;550521;472021;77007;33872;138245;179031;32635;2628
653153;2;4;1;36;0;-1;6;2;0;4;24400;554358;335125;412507;282753;561503;156883;46539;44526;137034;150787;21275
306633;2;3;2;66;-2;6;2;4;6;0;453151;429874;273629;452914;98787;173253;107105;189507;74304;13342;161724;109380
494761;1;4;1;61;3;1;1;7;-1;7;360885;337852;296946;39916;287445;266285;4055;48333;106261;61638;80919;178007
98045;2;2;2;49;6;6;0;6;6;4;283853;243898;507018;150561;322387;121659;96891;90898;134702;14163;13674;21456
534828;1;2;2;33;4;8;1;5;2;4;223409;13287;341696;34612;162020;269947;84989;146055;73472;47384;90467;63455
299295;2;4;1;57;0;3;1;-1;-2;1;358016;273160;381052;480232;85331;269337;162681;77468;51914;118273;42927;170952
56849;2;3;1;22;8;5;8;-1;1;6;32152;431390;189194;174995;153729;521136;118235;146317;194353;169908;136021;23781
645962;2;4;1;55;2;4;4;8;2;-1;28511;400256;262504;521176;144016;497302;61439;86516;47619;133511;54353;60095
544868;1;2;3;28;3;5;4;6;1;0;446386;103479;398465;426468;328352;67275;81557;93326;150263;54712;161896;70295
666492;2;4;3;25;6;7;0;8;6;5;295431;528172;383601;230943;120079;125756;142813;6535;52783;42134;195031;145161
673119;1;1;1;22;3;0;-2;5;0;6;458464;215341;105792;598377;515300;452515;48190;135434;82414;109672;45280;53439
125528;2;4;3;27;4;-2;7;2;5;-2;514256;169153;410043;1669;513587;328909;78491;170713;198534;167418;169034;127537
280158;1;4;1;34;6;1;6;5;4;-2;50761;574336;21312;33722;458516;324837;14908;198490;38881;95094;173967;179692
730590;1;1;3;32;-1;4;4;2;6;5;415799;363718;564658;580525;507812;30784;18722;195810;335;195824;135808;85632
676109;1;3;3;47;8;8;1;8;7;-1;261474;199435;593828;266093;208367;265724;172236;54434;196980;26982;150007;43456
768690;1;3;1;42;0;4;5;3;0;-1;205071;594143;81956;542322;505297;517445;169109;125020;74508;157748;22750;77775
94234;2;2;2;44;2;-2;-1;2;6;5;535255;473130;596358;44233;453214;282771;137416;91310;102895;124126;50060;94805
407425;1;3;1;43;4;2;5;4;8;2;246760;48443;449215;589504;413499;9975;161815;104976;190065;142735;167470;187389
148359;1;4;3;43;7;6;4;4;3;6;68366;221890;344799;429998;366189;247266;1158;50771;70558;96033;9347;108204
763003;2;4;3;62;7;1;4;-2;2;7;178668;83051;20439;229883;552411;110198;113969;151579;51576;48994;185645;62218
609128;1;2;2;29;3;3;-1;6;-2;5;106467;238335;202729;18228;365213;224970;117538;71148;11268;80383;36788;162656
454845;2;2;1;66;1;-2;2;-2;4;5;503181;408607;108299;386022;313627;538520;4828;12109;82373;139597;38342;32562
231174;1;1;2;65;5;8;-1;2;7;6;516146;220489;203754;171147;322155;546314;99563;114296;103656;137610;110230;127711
86108;1;1;3;57;7;5;-2;0;6;3;20893;136198;257328;470175;514360;511836;75326;193457;151758;1902;147815;181786
774394;2;2;1;23;-2;-2;8;2;3;0;509281;488210;509132;78896;377838;565045;24761;101195;74825;44186;138271;169679
738565;1;3;2;50;3;5;-2;5;-1;3;355003;454904;222928;373873;392510;452050;175811;65086;4949;110834;179315;168642
776049;2;2;3;57;8;3;0;6;0;5;275312;598122;65457;488121;379306;48270;42660;75244;642;161665;184205;166381
520882;1;1;1;48;5;4;5;-2;7;4;143977;576892;340231;284872;106671;357573;19927;60512;62460;110297;170849;179166
273455;1;2;1;22;3;8;6;7;1;-1;554618;285102;43700;254614;437843;149955;113485;117472;52530;42081;23263;114217
301214;2;4;3;57;7;6;-1;7;5;5;247795;547922;347472;340138;359096;336059;111833;152610;97191;30627;75760;5011
588895;1;3;2;60;1;-2;1;5;5;-2;461714;229219;53370;88891;567583;289112;34897;121696;116009;169191;69185;92583
328986;1;1;1;57;8;2;4;8;6;5;480973;348990;497022;148133;108163;76414;101092;153901;3324;180329;186984;126745
70883;1;4;2;28;2;6;0;4;8;1;132693;25484;388584;458074;115467;478795;189652;12557;92928;39289;109522;3653
704616;2;4;3;57;0;3;0;-1;-2;2;424746;166794;382642;590264;270836;111357;66085;163286;135520;196623;139773;26554
93126;1;4;2;39;3;6;1;7;1;5;217230;186870;123878;548526;501859;103383;197829;166770;109462;6136;191753;150595
33044;2;2;2;48;6;7;1;0;4;5;428905;553285;550536;513840;114839;46322;89278;747;48288;141413;64264;106148
141278;1;3;1;32;4;-1;8;3;6;4;444649;210192;52517;46290;530911;210726;143447;173826;130289;139279;44130;112325
410997;1;1;1;46;7;4;8;-2;8;7;159065;18646;141225;48828;432619;547990;161562;1722;158542;10070;153047;181013
397437;2;2;3;34;1;-2;2;-1;1;-1;233307;57295;462947;9376;186180;292260;105354;3981;128992;20143;26477;42271
206410;2;2;2;68;5;7;1;-2;8;1;254533;347960;348184;547110;576150;404331;71868;167247;82884;1613;172351;10442
767131;2;1;3;29;-1;3;4;7;2;6;446552;433785;142767;111830;459432;425596;98077;166339;188977;29961;170890;56691
622119;2;3;2;39;-2;5;2;-2;1;6;518461;506762;331585;430892;551839;499480;161033;48757;175054;71293;187321;161092
456774;2;2;1;68;-2;-2;5;6;1;4;567749;86966;489456;369636;591739;147045;119217;139015;147857;149923;97340;76149
573908;2;1;3;27;5;8;0;8;1;7;464693;587153;319347;315029;108567;370148;23999;154784;145988;52309;164929;111772
655305;1;1;1;23;1;4;2;8;7;5;163925;536033;31747;288013;297252;154172;139539;6679;3097;131297;89011;77341
702870;1;2;2;21;-2;2;5;7;-1;2;427404;160984;507868;299494;317919;117996;12574;145789;119371;58662;11958;157740
520611;2;2;1;24;3;1;5;7;-1;4;238071;168933;217787;304643;286568;34964;38409;30420;77521;67986;73084;155615
577139;1;3;2;67;4;6;0;3;8;8;464331;538538;332990;582714;88032;451759;36067;92197;12753;19113;104405;105568
72501;1;3;3;34;2;0;2;-1;-2;1;456765;442921;2756;81603;471372;208835;96673;182451;59832;52505;30598;172828
40209;2;2;1;22;8;5;4;4;2;5;147380;3776;498410;516119;181478;471335;126998;2937;79126;173431;24215;90849
780516;1;1;1;40;5;-1;6;4;6;3;128240;414683;180585;577037;567929;119418;144306;148963;167091;46944;2744;95557
92531;1;2;2;66;0;0;3;-2;8;8;264331;300207;58905;101171;180095;73898;161379;85818;27458;104435;42505;40132
603258;1;4;3;20;8;1;2;3;-2;0;217894;404032;583646;287921;531594;126803;157846;19632;24035;94282;112969;15365
715349;1;1;3;64;8;-1;-2;-1;1;-1;500952;383221;169007;11063;69197;230092;36133;137562;7019;175551;128698;63385
683849;2;2;3;38;5;5;5;-1;-1;0;339892;247754;472004;356143;156363;306175;129659;65314;110267;41737;10583;99339
131835;1;2;1;33;3;-1;1;-2;2;0;226088;37326;360899;24343;282679;95198;88352;28460;167351;91537;181081;148505
156153;2;1;3;45;3;2;-1;2;5;8;109364;245695;497431;481183;501904;332388;59186;74390;178629;177241;139297;187950
108615;2;4;2;28;1;4;-2;2;4;1;581372;182637;512788;579069;594373;506398;109893;160130;169012;153496;163909;42208
157582;2;1;1;59;1;-1;6;8;6;2;141056;414823;198377;417146;349494;198826;103939;50452;7687;134929;147856;87203
435800;2;2;3;28;8;0;3;3;2;4;244455;111316;385437;505526;34774;116764;123716;142078;103190;131733;184517;105260
145379;1;1;2;20;6;2;1;-2;6;3;61188;17471;250056;430284;371083;552654;78778;138733;164076;136989;163291;177334
375991;1;3;2;25;0;2;3;-2;5;-1;392263;400991;395096;559807;595194;362622;155293;69001;171598;14227;26545;2383
31895;1;3;2;42;-1;-2;4;2;8;2;331983;79962;530485;131363;121052;458139;97294;49264;77755;110422;92026;4881
764320;1;4;2;34;8;2;3;2;2;5;192860;495277;160921;157381;334965;27593;42268;164637;80054;115456;83174;57624
268211;1;3;2;46;5;8;6;6;-2;1;225418;527976;337205;131342;382978;26934;33355;117141;27298;158275;39142;127875
270284;2;3;1;30;7;7;-2;4;-1;-1;589861;31871;202920;79622;486454;158023;188294;5599;88296;19323;140484;182199
260740;2;2;1;34;6;1;6;-2;7;-2;551285;407546;496982;520956;589047;391713;36649;14472;12243;137209;15258;145255
68783;1;1;1;56;2;-2;0;5;8;1;597375;599115;15688;210836;345935;295669;149036;190342;196989;97815;10297;55668
627088;1;3;1;57;3;0;7;5;6;8;428913;451966;163209;309939;19663;297014;137108;148537;178953;118873;175142;160048
67109;1;1;1;57;1;5;8;1;4;0;543535;531873;276002;425569;282895;263934;166280;78393;135200;79170;54027;103072
302874;1;1;1;24;8;8;3;-1;4;6;537774;295848;410246;82980;299167;421895;15773;29502;74937;36261;144538;79444
402938;1;2;3;66;-1;7;4;0;-1;1;551590;576621;211902;141442;8857;227837;186756;22424;137229;56432;116364;115123
272284;2;2;1;24;7;5;2;4;4;6;497958;570210;54510;339297;180264;474689;80210;130721;36383;107855;39790;107164
605056;2;4;1;33;-2;3;5;7;-1;-1;538949;493252;348626;345811;23229;470675;128797;166375;58735;8199;190058;124339
258740;2;2;2;38;-1;1;7;-1;0;1;92993;530216;164714;55000;456321;3972;189032;17458;1588;99290;8533;70251
308761;2;3;3;65;0;1;2;5;2;5;220630;93912;492981;200815;131714;276850;142415;6556;152853;128509;85983;154106
548442;1;3;3;36;2;-1;-2;-2;5;3;159969;89113;94644;381571;315707;292370;16988;135288;116498;40491;189633;172735
681422;1;4;3;40;1;1;8;2;5;4;156736;73962;569103;184027;309097;103952;150849;17225;151683;50422;155653;72864
120251;1;2;3;62;1;3;2;0;3;1;130047;132037;148018;187537;308838;535593;83500;80692;157025;23080;84704;103216
252676;2;1;3;54;-2;1;2;4;4;4;184133;575111;23620;145129;299645;63442;154785;81967;199581;84629;172556;27064
163142;1;3;3;58;0;0;2;2;-2;2;249376;397753;573056;280166;392436;290736;37129;4642;169392;10801;15337;121983
456013;2;4;2;22;3;3;0;6;8;8;20355;428227;596570;139208;288469;239965;126894;160024;11903;148135;134897;103262
630278;1;4;1;32;7;2;6;2;2;-2;513246;328275;354527;261638;412254;205827;66085;6826;147492;77904;91448;125667
503983;1;2;3;26;3;4;7;-2;3;8;541327;431963;574581;251346;103165;78483;47463;89786;109922;14653;145228;153812
785471;1;1;3;64;8;-2;6;6;6;7;191504;473322;296412;591331;592377;473476;72757;103932;27588;108481;11501;109243
288922;1;2;3;48;4;5;1;5;-2;7;179327;528149;231141;287147;493967;496449;183744;141547;158526;87954;96787;29010
522629;2;3;2;50;4;6;-1;-2;3;8;308857;364602;581324;135687;538042;407891;48884;180889;182080;160175;160432;136282
581399;2;4;3;26;5;5;1;4;7;8;570315;529471;283761;349997;32466;105147;62184;141626;93287;157158;49243;81449
461536;1;1;3;66;8;-1;5;2;5;3;413382;96609;27640;73361;526792;16769;190311;37700;10660;160410;161322;143490
563137;2;1;1;68;-2;1;4;2;0;7;3474;581418;135061;108375;238346;8339;181122;9074;114255;99250;5450;175775
461168;2;2;1;55;-1;8;6;-2;8;2;533664;178630;453042;257999;346953;279631;126209;58154;197641;54215;34355;87854
401540;2;3;2;41;3;0;4;5;1;3;596056;364471;549876;505459;232255;10028;53852;189585;86944;34351;79222;86493
684988;1;4;3;59;5;1;-2;4;-1;8;313782;477083;516169;89547;65017;159570;151270;142084;129232;24851;159640;192997
543996;1;3;1;41;1;1;-2;-2;7;6;374724;366139;100266;270942;462672;434552;84736;138911;78842;119986;20381;12385
614119;2;2;2;34;6;7;-2;5;7;1;304252;288656;591721;154567;442873;287227;152664;26063;63569;22291;39417;54905
586807;1;3;2;22;-2;2;4;-1;7;0;109431;277953;360652;309030;546625;501564;58682;64125;189288;108853;65811;62641
445149;2;3;3;65;1;-1;6;4;2;5;553629;208531;496906;311574;443609;364646;137150;177018;57163;169704;116942;178336
291692;1;1;1;25;0;7;3;0;-2;5;565644;382564;438217;545622;322276;261626;185443;154993;106332;156075;162760;127582
769113;1;1;1;20;2;5;8;5;8;4;186679;443698;330942;22682;512912;400225;190374;186795;122125;6463;60092;26544
49040;1;3;2;59;6;6;5;0;3;8;361195;511503;503131;304406;171466;266355;11862;130079;112498;176772;41825;126325
500438;1;3;1;21;1;3;3;-1;-2;1;528232;284140;422272;138900;291348;65408;86801;195319;154722;53920;80364;23046
760238;1;1;3;59;6;-1;0;7;2;-1;327530;287767;436788;405413;342569;292778;110737;60440;124102;124480;170700;125118
98598;1;2;3;46;6;1;0;0;8;7;156887;350257;81384;411562;570279;462827;4573;9652;153683;46064;64883;173941
41772;1;4;2;40;3;5;3;-1;0;-2;567953;521197;182340;36404;455380;339929;117621;171453;42218;122547;154843;45136
660377;1;2;3;45;8;4;-2;8;5;7;257457;342318;467261;464095;58527;510562;98714;95250;23780;39375;70634;86271
408581;2;3;1;38;2;3;1;6;0;3;125473;388457;334663;90349;532386;107296;20008;114931;120229;67119;169654;169090
737349;2;4;2;61;4;2;1;8;8;8;397895;514504;292811;261261;514995;491634;81636;168329;131172;58862;5520;125464
485182;2;2;1;39;7;-1;5;6;6;3;101555;134255;453280;320442;439022;519162;57019;132572;156072;152449;8320;98462
437133;2;3;2;51;8;3;4;-2;7;0;207877;489752;399071;237084;12575;241810;142942;181103;92277;29191;102662;49536
601998;1;2;2;35;4;6;3;2;5;-2;200266;25231;462829;473599;38085;410206;39544;12891;147342;196258;79295;102493
746061;2;4;2;25;5;3;8;6;-1;-1;293363;334714;584000;456856;393018;230891;196770;11638;105304;77963;121896;56778
694209;2;3;3;44;3;6;3;7;-2;3;83065;101522;470610;263867;168094;64402;69713;27467;97248;51249;156849;8071
545957;1;4;2;35;8;5;3;1;0;2;550927;378607;492299;166732;21495;296559;178903;191552;179909;111687;62016;45600
669583;1;1;2;69;4;0;2;3;-1;-2;217659;139193;324926;341354;15587;313602;198092;121579;168867;132820;61646;19032
654893;1;3;3;34;-2;0;1;4;5;3;94494;168161;304956;550943;335453;435352;96128;107458;158966;164887;195507;167117
684016;1;4;3;37;4;7;6;4;2;2;310626;142625;588062;465489;306029;11308;14762;33639;88241;26705;93078;105528
779899;2;3;2;66;0;8;-1;8;8;2;290976;234016;511762;467986;301341;131826;14589;55761;197925;181223;63140;118498
799133;1;2;2;58;1;-2;2;4;1;6;450900;348784;229774;368327;51778;215613;120557;184681;125895;111307;59894;76911
184440;1;1;1;64;-1;-2;4;4;-1;5;70389;506095;365630;530940;310266;58590;125580;109874;169556;74109;125240;84107
683801;2;2;3;58;8;7;-1;1;6;-1;369311;524034;262681;74048;119501;143308;17552;10722;35668;182045;136315;140316
498162;2;1;1;26;5;-2;4;1;5;-1;490926;283529;118698;286463;69584;36314;122105;120095;98088;72491;74981;8102
747804;1;3;3;39;2;-2;-1;3;4;6;464576;391616;33957;209963;245353;435092;110481;174147;101121;161637;198782;68539
87798;1;1;2;65;6;6;4;2;0;7;349204;300813;337771;131574;298061;25055;126639;187502;116563;86454;156808;90124
423829;1;1;2;53;7;8;2;7;7;4;599569;586746;245972;586049;589819;449542;160348;65507;26485;64221;99758;8585
256985;2;1;2;21;5;-2;6;1;4;1;453391;562786;291059;532406;542421;385234;106716;62040;146001;113020;53666;80631
582637;1;4;3;41;4;2;3;3;1;4;15827;106868;59770;226563;147706;598194;82766;90376;151792;136449;165219;134561
711673;2;2;3;35;1;0;-2;8;8;0;582977;278016;426948;253009;20410;118604;32289;150743;194223;55539;166944;189101
330916;2;4;2;45;-1;5;-2;4;4;5;149852;380824;151635;112220;414821;423042;150067;34864;153500;163574;125343;106803
478619;2;1;3;41;-1;2;6;7;4;3;117163;271564;119507;558125;6693;90866;191039;77587;16473;186668;51104;47604
540254;1;4;3;41;-1;7;-2;3;2;-2;499036;459560;596778;572663;267289;160713;170385;3175;39119;156576;161867;184137
729390;1;1;3;59;1;6;8;7;4;3;134109;240640;153695;383038;132361;235902;30183;8494;148195;128269;34668;29586
383764;2;3;3;23;7;-2;8;7;5;-2;579846;514935;309751;72656;120039;32683;182152;133511;169222;147250;49518;80605
571243;2;2;1;35;5;-2;0;3;4;5;584471;82;240122;205222;451945;222868;13652;26443;196261;193493;183506;138318
686449;1;2;1;30;2;0;-1;3;7;-2;6417;308806;270935;592114;566648;438419;103516;160050;135628;96895;79474;19921
196787;1;1;1;61;-1;5;7;6;-1;6;109557;294584;462761;281012;401260;253863;82005;30184;8735;123181;23748;47419
571983;1;1;3;26;6;4;1;2;3;-1;350415;278675;330676;386;327403;419750;188025;8108;63859;50480;100743;102806
586925;2;4;2;22;2;4;-1;6;7;5;158739;315291;324515;561007;314621;479616;104779;90631;118766;49892;3994;176460
630915;1;4;3;32;8;6;3;8;2;4;83816;118484;415684;82897;351023;589232;197077;122248;37462;186072;165961;63833
796860;1;4;2;67;5;-1;1;8;0;0;135546;503759;211914;27319;247159;588295;173691;90188;144593;95655;138069;199149
374330;2;4;2;54;-2;7;7;0;7;7;331984;32931;239478;160138;354547;469808;85153;117773;72790;70463;156225;75749
465704;1;4;1;61;6;5;0;-2;3;5;210997;531549;11925;495827;118722;101698;6005;138984;78907;98435;126772;66325
358538;2;3;1;60;-2;6;3;1;-2;3;313928;301186;155828;190028;561495;17933;184914;19257;23952;170552;49414;100953
360591;2;1;2;22;2;2;8;2;2;2;490575;274097;180404;465814;429123;473099;141422;159790;150968;25325;6780;125153
146488;1;1;1;54;5;7;1;1;0;5;480386;109212;106227;284848;342579;152336;143886;171724;51228;199740;22021;99650
557619;2;1;1;40;8;6;1;3;0;-1;200188;81687;74204;194752;552523;132512;157880;136193;142360;36510;92526;199131
81026;2;3;3;47;8;3;-2;7;1;8;111940;107952;506099;355622;411805;588108;16903;30320;27230;74594;90617;22319
789344;2;4;1;31;4;3;1;4;2;0;485814;108649;329846;353124;261966;456293;129165;69972;14951;27881;105495;72309
548158;1;2;1;60;6;6;0;-2;6;1;31114;327893;133587;270979;432847;559695;26235;188724;54423;89204;192562;189766
377428;1;3;2;65;5;2;8;0;2;0;538661;439299;544044;366018;189695;518127;13520;87866;198231;79920;72807;51808
500832;2;4;3;38;5;1;7;-2;-2;3;296630;493047;145623;271609;212123;501562;55557;142448;105174;132003;38735;125625
449106;2;4;1;46;6;7;3;-2;2;3;575649;474987;162251;197153;358494;277861;117500;197681;16096;194283;81300;49805
583994;1;2;3;28;7;0;0;6;0;0;301628;360447;441484;307156;250760;355060;159871;123866;55004;115078;737;182519
269891;2;4;2;36;2;8;8;-1;2;3;407127;467532;250979;103251;499059;576746;58243;148325;66413;106109;102418;111627
30407;2;4;1;38;7;-2;7;5;1;6;599365;241852;90845;599909;488344;431498;89274;48612;530;80001;30137;196883
675520;2;3;3;58;4;8;0;4;1;-2;279823;304884;296336;102559;305156;296191;37161;82615;161438;66957;67249;13196
774077;2;4;1;61;7;-2;-2;2;-1;7;401819;255550;268688;330053;245161;87847;137498;128360;173680;95603;186944;114997
54178;2;4;1;41;-1;7;1;4;2;-2;581286;521545;584506;314655;416313;500858;141905;80963;38740;8650;95629;190413
307435;1;1;2;31;2;8;6;4;-1;6;173014;491888;7255;380715;382449;395977;192763;160005;12786;138806;192809;85979
27707;1;3;2;38;5;0;4;-2;7;-1;477123;118597;587784;199352;50724;250229;61474;66598;6008;136022;62119;103033
132087;2;2;1;34;-2;4;-1;-2;4;5;267291;562155;380555;194312;247318;236850;128251;125018;1214;98042;148602;107227
53311;1;3;1;34;-2;4;7;5;4;7;245026;496684;455111;315753;9522;563117;27279;147470;123871;191199;46978;133583
618408;1;3;1;23;2;1;-2;3;1;3;381433;304293;339690;592838;217241;160529;51857;34582;191055;85151;133507;160525
687467;1;1;1;48;7;8;6;4;5;2;330457;220030;541966;13704;249891;211888;64137;189476;21969;172077;199962;72654
385260;2;2;3;47;-1;-2;5;4;7;5;142863;390729;371899;273494;257767;84955;173964;145059;122463;60102;126755;133788
231431;1;2;1;49;5;4;3;8;1;1;76199;96772;261687;46268;47018;261407;110840;51579;87175;7554;40726;39034
134696;1;4;1;37;4;-2;8;6;5;-1;146356;119191;476817;540675;382556;488146;11030;104470;68436;165812;117089;76456
511478;1;2;3;47;4;2;0;7;1;0;92489;501600;433411;599331;115258;192226;14122;172805;75178;36923;187582;183380
314968;1;4;3;22;4;6;4;2;8;-2;447033;262803;456529;217378;239905;124872;194403;76729;163989;195335;137375;100714
336397;1;2;1;32;-1;7;5;7;5;-1;567146;495943;206435;9615;21122;465607;62238;69032;57489;181000;65789;114694
337696;1;3;2;35;8;-2;4;5;-2;7;92111;65739;235636;450882;519080;185025;110419;108170;37924;33703;134615;68346
546723;1;3;3;31;0;-2;3;7;2;3;566941;310707;76070;595595;526028;111414;116561;75081;113507;162174;57965;7918
361336;2;1;1;27;6;6;7;6;-2;0;2278;46875;552500;244256;319415;109346;31776;95957;119197;37737;16549;43554
421653;2;2;3;52;8;5;8;3;-1;5;202093;560483;177416;251158;247221;416804;93098;159907;44410;81204;158844;7617
423935;1;1;1;35;0;0;0;-2;6;0;27857;467603;68542;593125;417589;596381;76497;52340;51541;14309;39189;107444
687334;2;3;2;48;0;-1;7;2;0;1;427400;560870;480214;327604;129159;586611;179567;88797;25406;138743;6837;173903
289184;2;2;1;37;-2;4;3;1;-2;4;499327;42790;510854;189045;555860;429052;25754;75194;114770;160240;49346;90259
311507;1;2;2;55;1;3;7;3;6;5;60167;147229;398608;319920;156302;537308;87965;40867;92157;9435;128002;13975
721281;2;2;2;33;5;-1;0;-2;5;7;97706;3663;537765;504637;106670;2627;132409;110241;108834;119465;118330;66074
121351;1;1;1;39;8;3;3;6;-1;3;149587;592999;548911;449013;506248;532489;180081;126714;160702;80289;28348;41302
715236;2;2;2;66;4;7;0;-2;2;1;29929;157265;572346;296127;85839;4022;138153;33897;98346;16123;91504;180977
110992;1;4;3;32;2;-2;0;1;3;8;424288;232186;282489;114157;134043;98446;17848;150163;33693;152312;92240;192192
66283;2;3;3;45;-2;3;7;4;6;6;316195;127694;535186;176042;309853;248465;39902;74942;93885;26848;132166;75350
486027;1;1;2;63;0;8;2;6;2;8;52498;273113;233379;448271;499797;105061;161832;189004;98521;119687;180611;140234
374960;1;4;1;66;8;7;5;1;6;0;11935;206359;82019;192029;533672;152584;63980;32200;137176;149613;198079;186991
503177;2;3;2;23;3;-2;7;3;0;2;564608;509747;256483;599200;395702;179246;15331;137223;136317;193430;172495;179312
495217;2;1;3;29;-1;0;7;3;6;0;535260;346027;194782;98469;310222;92416;181082;44742;147072;34721;42186;11670
723239;1;1;1;33;2;2;-1;-1;6;2;222117;347082;497210;473606;166324;80944;92293;35691;127385;109319;171899;173482
590774;2;3;1;27;7;5;3;8;3;0;562176;347320;45901;461379;440772;166707;54724;443;197918;98365;154147;180501
376501;2;3;2;23;2;2;8;2;-1;2;28068;568211;238087;64691;405159;217298;53062;29569;85984;174520;143853;118760
257428;2;4;3;24;6;1;8;-1;5;6;537843;119503;153213;73485;159322;589286;173083;32846;61301;37357;32911;31132
209364;2;4;2;23;5;2;3;0;8;2;304437;273739;22806;44061;573446;160908;35331;113929;65529;190662;196405;162500
614588;1;2;1;20;0;1;4;8;5;7;155267;323370;71253;302254;226862;480124;182968;3366;3974;107153;41648;165330
48841;2;1;1;28;4;0;4;6;2;-1;505669;167669;25568;33283;250153;146271;112725;182197;89587;35262;79586;16346
482949;1;1;3;31;-1;2;-2;2;0;1;39537;197807;220400;347184;576620;474622;172552;36229;84092;59140;115235;124942
423913;1;1;2;22;-2;2;8;0;3;3;476307;444427;383676;355828;285410;173054;154816;181424;157674;159857;113986;168476
491618;2;4;1;55;4;5;6;6;7;6;466201;559199;273175;267424;531355;544628;62758;105475;12949;70473;98172;62400
467413;2;1;1;24;8;5;8;0;1;4;583200;84469;262133;469117;454614;263760;176855;30758;79966;46901;131171;131393
416619;2;4;2;62;1;-1;0;5;1;4;214209;130645;561783;490283;455913;379119;114759;63374;54680;158324;47555;5235
559379;2;3;1;58;-2;1;1;6;6;5;346809;219056;23029;77977;86569;194568;186731;111017;178428;137341;91503;53886
112617;1;2;3;42;5;0;6;2;5;4;24668;251862;230937;152547;34024;26482;54544;59693;158218;188154;119535;39588
88525;2;2;2;31;-1;3;-2;7;6;0;518955;25837;186044;475860;375577;313021;184718;116745;41729;64808;16886;73546
487036;2;3;2;31;2;-2;2;0;1;4;177460;45444;412346;291609;159625;413632;169310;68345;146338;63333;139023;53585
779612;2;3;2;54;7;0;-2;6;-2;5;407154;74211;334299;217237;174453;369659;108133;106084;140628;199255;176339;156580
770031;2;2;2;34;-2;8;8;7;1;6;173045;287748;19141;580007;253556;288780;161890;108806;29954;149240;40837;174733
301988;2;4;2;48;6;2;6;5;7;-1;3696;305475;244855;113046;164712;395632;119867;126964;149741;22076;194713;63946
740991;2;2;1;24;0;8;1;2;3;-1;536765;487306;85350;354174;104573;289153;62383;154829;149050;38237;138229;90953
704804;1;3;2;23;4;6;7;5;3;0;280232;78705;5624;346475;514477;38768;20088;49753;170398;33393;198457;88013
568805;1;2;3;29;2;7;6;5;0;1;50803;22747;589725;168310;31805;496278;58279;136516;81436;181230;61728;110851
288942;1;3;1;45;-2;8;2;3;8;3;115399;76255;224121;393338;15340;148016;158093;134417;126207;83925;84319;191575
795114;1;3;3;65;5;7;-2;4;0;0;65167;41894;229469;540246;167299;159333;169059;80388;30865;16958;29851;163155
417743;1;2;1;60;6;8;0;2;2;7;326059;84785;55379;495261;194242;95945;69568;92454;32677;11707;117774;132308
355197;1;3;1;46;8;7;-1;3;7;8;277622;307245;137701;521826;594141;438839;125892;102359;163467;6831;186332;159997
759177;2;2;2;46;8;8;7;7;5;0;124635;379607;8084;310600;494436;236929;113433;103928;41429;97687;155389;191380
758746;2;4;1;40;0;5;0;8;8;7;400972;68332;330397;494552;540648;370793;171949;89785;20506;15525;91608;96306
422508;1;1;3;56;5;1;2;6;-1;4;258177;473903;466048;251405;313189;296290;29615;65045;52520;5222;69340;6597
689911;1;4;3;52;3;5;-1;0;5;8;109274;470195;316916;325309;521795;414704;132904;168204;112842;29414;105888;95876
481285;1;4;2;61;0;1;0;0;7;3;468636;521495;197479;387140;236650;293827;90062;147295;683;135455;113248;142085
737457;1;4;3;22;3;6;7;4;1;8;287707;591555;171313;476467;381673;387170;26517;194789;190306;153187;40278;97826
221713;2;4;2;27;7;-2;8;5;7;4;169561;139256;596901;458925;23712;497714;18573;185642;1350;76441;120749;75307
541497;2;1;3;33;3;3;3;6;-2;5;358946;269602;454862;183940;223222;281645;162293;196450;150801;57760;137725;32765
185608;1;4;1;65;6;3;1;-2;7;4;590640;585725;447912;480626;556448;157268;104982;12070;154391;40077;55828;20250
432459;2;3;2;46;3;4;6;-1;-1;-2;139219;66897;17418;332445;466152;301582;141024;177220;182275;180477;142091;162724
67774;1;2;1;21;1;0;-2;4;6;1;408463;82952;142824;169386;336245;568427;100083;30321;28492;99506;106607;191663
157967;2;4;2;48;-2;2;8;4;3;0;440283;446966;285056;157638;473339;352718;132380;104347;192580;107250;6298;7329
728695;2;1;3;57;5;7;1;6;-1;2;66969;597522;109764;408423;395306;85137;111921;95089;102064;100696;174288;90146
542542;1;1;3;62;3;-2;6;5;1;1;43188;515646;173366;336607;411464;551779;115803;17120;4340;37657;95233;81023
443232;1;2;3;41;3;1;5;7;2;2;234787;103960;267545;28704;176253;474615;6226;195251;142149;63883;115848;74989
445765;1;4;3;62;1;1;8;4;3;0;41593;563878;38468;191956;372503;388488;101900;68739;191137;15487;81206;181809
129228;2;3;1;47;0;5;2;7;8;-2;253974;563524;83340;555240;578455;341844;180091;137078;100500;102319;30274;58363
519587;2;3;1;34;0;-2;0;-1;3;-1;163683;40189;573257;168289;489482;223311;2032;68301;116410;122851;116318;17130
261346;2;1;1;33;1;4;4;0;1;0;473333;444970;56531;344478;315349;298021;4259;160230;26477;182671;59494;187114
179495;2;2;2;56;3;-1;6;5;2;1;416021;389673;323126;484357;282806;593043;19230;123410;197951;82809;52238;56537
608684;2;3;1;51;4;3;5;5;3;3;503667;495474;180559;299016;553847;361318;18103;9261;168619;111679;90694;178727
32479;1;1;3;33;2;7;2;1;0;8;567112;531394;137072;513039;290372;62994;187594;63492;8645;82441;133913;21781
663459;2;3;2;58;6;4;5;5;4;0;471430;169541;26730;360012;135419;48296;128279;34544;130800;135279;120139;197468
434285;1;1;1;48;-1;8;8;2;8;-2;407009;297851;391082;463882;444465;150670;97966;27677;101195;54750;176648;32055
414978;2;2;1;37;7;5;4;2;7;0;147543;182176;67473;10584;181635;306068;173707;134331;99502;34489;151656;106464
539813;2;4;2;48;3;-2;2;7;0;1;299977;402073;521507;116736;579269;133112;165130;45577;92010;145640;194619;139532
208963;1;1;1;38;5;7;0;6;7;1;493809;333532;196857;540216;562120;123186;157307;52926;33853;119174;40942;191746
666812;2;1;1;49;-2;7;1;1;4;-2;321900;280417;587009;308100;511642;129912;40669;80863;108457;98812;162508;84821
654129;1;2;2;37;0;1;7;1;1;6;346910;461067;176357;251451;168669;448804;122582;96461;29442;63780;15277;152513
449706;1;4;1;58;3;-1;3;3;1;5;185123;319627;369452;412408;312497;154457;14501;156389;19526;70066;123655;164205
316331;1;1;2;39;2;8;3;5;8;0;446564;50573;111935;157854;504484;581233;147580;21108;161667;12552;186757;194383
385774;1;2;2;36;5;-2;-1;7;2;3;46645;425643;581654;20226;63267;399937;132286;159475;16386;97806;33524;20053
557560;2;1;2;60;5;7;0;1;6;-2;257803;534017;145272;381725;460994;500820;114639;83563;13331;83777;128786;18066
443853;1;2;2;52;2;-1;8;0;2;5;270747;268600;312482;158766;6487;236100;76585;117805;135921;101292;95487;2677
691424;2;4;2;62;4;7;0;-2;2;6;231559;450521;161908;44190;61320;183603;145874;78864;35643;8133;108884;193043
118698;1;4;2;44;-1;7;5;-1;1;5;425257;348422;113133;375316;442674;255673;139370;167658;45145;190024;149139;143472
740218;2;1;3;68;4;6;4;1;0;2;32561;401342;397145;22750;81949;105888;98734;69599;170983;165500;84540;109946
410223;2;3;3;39;7;7;5;2;8;8;540603;487146;260994;476467;280863;316874;75219;2210;17104;18978;149860;198723
137651;1;2;1;47;-1;-1;5;1;1;-2;250294;429034;489271;274893;339066;564838;35105;84013;101160;44307;145303;107927
764104;1;4;3;63;5;1;7;8;3;7;574120;362104;331072;257038;109547;22031;132722;19224;177616;97818;88258;35866
592042;2;3;1;29;-2;4;2;3;2;3;247096;376813;27956;468261;540964;588898;47800;42358;173432;166573;153406;158907
754231;1;2;2;34;0;0;1;7;8;2;176069;156087;348279;183410;451826;292659;121047;170508;1652;47209;190613;145655
514513;1;2;1;52;5;7;-2;7;7;2;86519;164400;194594;23655;284894;13180;98542;167059;90875;60341;83437;175115
431270;2;4;3;24;4;6;4;5;6;3;536254;402846;88215;160417;76061;366208;103670;113790;124656;70808;48054;67975
233979;1;1;1;58;1;-2;4;8;8;2;313223;103139;287205;48234;417481;263205;191611;178712;50528;120761;106021;131727
749705;2;1;2;48;3;1;1;7;7;3;320484;277224;179589;290569;34837;563537;105071;4271;121238;108711;106803;154524
127139;1;2;3;57;7;1;3;1;5;8;228811;152069;131188;300530;524052;283890;82427;87470;154359;98049;109375;161046
648794;2;2;3;68;3;7;2;0;5;5;437970;314303;136916;231383;501754;398191;64845;96021;141656;97617;167732;33995
213778;1;3;1;54;2;4;2;-1;-1;7;380474;525828;362451;264765;132111;177311;116691;113702;1121;86800;68327;72129
667139;2;2;3;55;1;-2;8;7;3;-1;311972;429714;248212;475976;413104;191920;27798;151048;17102;3538;96157;62843
174493;1;1;2;68;1;1;7;8;6;6;169827;405004;154091;122155;359911;356062;89357;199783;91645;22761;92776;122563
710026;2;1;1;33;8;0;0;7;4;1;556669;316796;466733;65721;475663;42368;94494;40226;57958;54298;159901;142430
193147;1;1;2;67;-2;1;3;2;1;3;440453;497904;349044;157190;426378;456907;48383;97963;160246;62069;2984;125936
463952;2;2;1;39;-1;-2;2;1;5;7;484363;283364;371302;437802;152700;301367;5087;99498;60839;4739;145441;149510
280068;1;4;3;30;4;4;-2;4;-1;8;43979;217021;191553;489994;38955;116532;193371;74550;196820;114512;148228;142829
288603;1;2;1;26;8;8;6;-2;3;5;447063;586232;53610;247913;480095;261964;166553;149664;182580;195749;6348;108910
599058;2;1;2;45;2;-1;7;8;-1;0;327048;406124;150517;120135;542126;103842;141816;11930;45025;22593;58607;119879
516249;2;4;1;63;2;8;1;8;3;1;343477;28802;244941;350220;479685;73167;64277;98591;62401;128733;142858;85597
708096;1;3;3;61;1;-2;5;-2;1;1;545275;558193;189056;189881;368565;144217;174152;195072;82300;73636;105249;74493
797951;2;4;1;65;3;8;5;5;7;8;332594;425927;428672;235063;88957;46985;144540;188983;154746;82711;176501;190299
550666;1;1;1;49;7;4;4;-2;4;5;154461;84796;351675;36350;223314;304091;105477;138047;20310;9549;53652;84233
174436;2;1;2;52;7;1;7;7;1;2;453435;585125;543725;287095;83992;493538;189204;36086;140498;102000;88355;73836
653077;1;2;1;36;1;4;4;7;6;3;589348;543459;137132;84232;378626;547503;80740;49530;182640;131938;160918;35155
88520;1;2;1;48;2;1;5;5;6;1;255781;590124;106667;108593;547077;218590;145216;86246;60550;60070;52538;92000
425325;2;3;3;40;-1;1;1;5;-1;6;249152;247705;233390;90759;407641;382660;42294;195797;50877;35428;65352;71137
454676;1;4;1;44;2;5;2;6;2;2;98888;494617;355241;296652;39732;64132;10050;83404;11635;170326;28144;62917
564705;1;3;1;35;0;1;1;0;2;8;445888;116644;309441;352870;372911;328405;51032;51907;80720;63137;60323;120283
259925;1;4;2;48;6;0;4;5;0;8;455813;288740;9817;559142;537696;93933;199964;146859;115318;80057;41625;60900
157631;1;4;2;51;8;2;2;8;-2;3;159966;490455;268831;433972;337448;45969;181186;15391;53390;75191;146778;31684
184764;1;4;3;66;5;4;-1;3;4;3;278994;268645;562293;115681;277853;545498;118214;92228;169095;175257;76598;124323
684986;2;3;3;37;5;1;2;-1;8;4;567067;88522;195878;169981;164552;329633;169659;16428;29658;26578;127820;168363
356870;2;2;2;41;-2;-1;0;2;-2;-2;311624;58514;346179;415732;152252;24439;87953;178602;141359;163978;32538;172448
440762;2;3;2;20;6;7;3;7;0;6;60963;525048;554799;53987;295264;9580;193966;171415;26088;183837;45573;137295
221366;1;1;2;39;5;4;8;7;-1;5;130514;52631;275430;200057;74563;159217;164737;167866;8348;7195;77408;123455
276058;1;4;1;52;4;4;4;-1;7;4;448265;89241;479950;300098;32474;291951;53847;141886;25568;155447;89503;132071
213803;1;4;2;29;8;3;7;6;0;8;111993;242336;64151;226925;212251;569783;19180;170220;106510;170958;193244;35203
381855;1;4;1;53;-1;7;-1;1;4;8;267197;288306;419356;127984;574860;323534;152269;66432;37022;103483;75154;39019
120517;1;1;3;44;4;6;-1;0;3;3;354222;147775;582149;82734;483999;495976;195985;115607;107442;134431;24537;186598
770156;1;2;2;51;5;8;8;3;7;2;352710;139828;178223;332318;441211;422162;65447;69082;10591;90204;147188;33845
779492;2;4;2;69;4;4;0;4;2;3;5660;139648;227836;587983;519475;321575;99337;172733;146345;187660;158681;61723
253162;1;2;1;68;5;-2;4;3;5;2;342794;378242;81139;485605;179055;272228;46253;57247;133541;46013;83141;24483
327214;1;1;1;26;3;2;4;2;2;1;397938;184452;491220;241074;395381;94320;1806;47956;171875;63556;8483;128756
410929;1;3;1;47;4;-1;0;0;7;5;369337;541270;296970;300655;488127;285548;166126;171294;16565;8858;76565;157465
205346;2;1;3;47;-1;6;1;5;3;8;372376;3841;405408;499404;421333;589873;48448;155834;7090;75764;35542;11612
596595;2;4;3;30;-2;3;6;2;0;5;377536;321713;192067;565157;68474;116466;94909;72983;5158;80529;12315;10947
174116;2;2;1;40;5;5;3;3;8;2;352099;587364;45836;72810;11484;144909;92177;179214;112290;107233;19323;154978
84290;2;4;1;47;1;-2;5;1;4;2;482939;580663;37763;422558;305999;40482;82;60462;91419;26356;5387;16581
620517;1;3;3;20;6;6;-1;8;-2;7;316978;462719;405236;591721;525912;359871;52659;63028;32988;184091;120896;34704
122098;1;2;1;42;-1;-1;5;-1;7;3;48338;434837;241661;228899;192099;182441;101497;189429;39667;59928;45868;167445
505915;1;1;2;40;8;6;3;3;6;3;30518;210733;331017;329131;442001;397808;59302;105046;178969;150392;46456;60246
496644;2;2;3;32;5;1;1;-2;-1;4;462273;301870;499172;252660;52967;198324;124339;176129;5345;53082;105216;1774
623687;2;1;1;58;0;-1;8;1;5;2;364799;439402;276123;144753;38038;123972;180149;180791;86472;62868;92860;54941
317048;1;2;2;29;7;7;5;1;-1;-1;360157;64364;131466;186981;561033;289735;149915;11709;109240;106274;33008;84603
210702;2;3;1;40;-1;0;0;1;0;-1;411267;543796;514496;98781;365307;232957;198575;60249;167257;61537;174232;46007
170238;2;4;1;65;6;5;2;3;8;6;579255;539682;75498;236498;277593;157950;47258;3477;195876;73641;136416;141827
556928;2;3;2;46;-2;4;5;3;3;4;441433;384194;360495;413494;551353;218227;153345;174056;40858;176793;57895;32344
419478;2;1;1;45;-2;6;5;6;7;5;58332;502460;156616;597491;85854;203180;70968;127760;86160;84186;43850;16053
266343;1;4;2;39;3;3;5;5;0;-2;402671;230284;94045;515345;532924;452542;93432;174886;165945;21809;117556;63891
253337;2;3;1;69;6;-1;3;3;5;1;396608;547401;187608;424412;181458;223060;80194;799;102996;186275;11321;166358
295618;1;3;3;22;7;1;8;-2;7;0;401206;523116;37652;171396;485248;11507;88038;176682;99637;17547;156452;103510
642705;2;4;3;30;-1;5;5;5;1;-1;112634;59924;94035;153846;268163;509635;139918;178777;183944;58905;171958;156121
305423;1;3;1;23;0;-2;-1;2;8;0;483785;354551;120484;548880;199487;348602;195854;103165;119874;86015;167036;37640
793451;2;2;1;27;4;2;0;8;5;-2;535498;446753;242127;164507;587893;403844;25917;116083;52917;35604;103036;114660
684827;2;3;2;62;-2;3;7;1;4;3;466243;480926;515447;424963;205534;237335;144717;129946;67720;4275;117188;7587
717622;2;3;1;33;3;6;3;2;6;0;225993;55981;254186;449689;157928;232220;145101;186616;79705;58606;23153;74247
592409;1;1;1;51;3;1;0;1;7;5;52184;387828;436476;258459;341136;56875;66156;68606;132555;144658;98152;31411
462282;1;1;2;55;2;7;-2;-1;2;0;439469;239371;260190;75214;402026;559792;170570;27135;1306;20506;76276;162629
213611;1;1;1;39;6;7;2;3;8;8;360541;503947;110769;145739;14577;466854;196;177731;196723;122130;147893;99391
286867;2;2;1;26;4;1;0;6;-1;5;72284;130744;294740;193793;550375;385588;99349;38627;51921;151166;197486;194677
603153;1;4;2;66;4;1;8;2;2;8;17800;151115;36092;447933;137904;463439;59104;87189;74338;4250;153378;59229
469132;2;4;2;59;8;-1;6;2;3;5;87333;287877;173332;586406;73282;399183;87314;133858;9945;156898;66801;24219
473866;1;2;1;58;6;-2;-1;2;-2;2;183081;346435;133009;130995;64757;433317;4569;131287;183236;172067;95801;96116
239604;2;3;3;34;-1;1;3;-2;6;2;125394;53954;183023;427363;35778;561868;72727;166255;134416;152302;40616;100706
395091;2;4;3;55;7;4;4;4;-2;4;377378;346104;298910;261707;452585;195303;124351;86715;117809;198163;19612;163433
231778;1;2;2;22;1;3;5;0;2;6;215448;413633;491730;358867;228938;85716;89282;21305;27200;158343;96131;152670
371231;2;4;3;67;-1;-1;4;-2;4;7;231742;593500;229111;157891;383531;55064;165401;146360;99816;173059;52365;179716
73064;1;3;3;34;-1;2;2;0;7;0;181894;418195;231784;595827;538063;253664;97354;148073;38568;152968;139834;63812
596131;2;1;2;41;8;2;7;8;-2;3;576797;280659;130746;262990;298009;201883;90917;113127;118419;159002;197980;196902
388274;2;1;2;33;2;3;-2;-1;3;5;425522;200856;302420;238030;354857;173612;179389;166491;76007;122365;180750;87241
49241;2;2;3;26;1;8;2;2;6;5;257011;504538;314587;109017;131620;392738;59196;192774;139725;79253;2340;189323
442478;2;1;3;20;5;7;0;8;5;7;246290;336526;211316;424884;534512;347673;86191;102474;170750;82146;6825;143967
560362;1;4;1;60;-2;1;-2;4;1;2;225772;304291;344085;160489;144482;559278;14851;116468;161938;117622;44258;93220
715758;2;1;2;42;8;0;-1;1;7;8;313635;535850;518444;300657;405504;563188;146403;123724;53997;28247;133859;22675
94352;1;1;3;28;1;6;-2;5;5;6;580069;270353;76907;349056;19574;350108;79676;13756;127283;175240;176257;199489
186710;2;3;3;54;3;8;0;7;6;-1;453707;1772;536727;101778;433080;270977;14540;134735;103964;153200;153280;114323
538325;1;2;2;44;6;4;5;-2;1;6;271085;368200;373311;35411;208546;354703;103210;99866;107093;122648;76247;102370
502706;2;3;3;24;5;7;5;-1;3;8;36349;566551;191216;375375;357126;93866;70538;181867;6063;29418;26590;61311
408532;1;3;1;39;6;-2;-2;4;6;0;290387;124213;592328;212861;238510;77058;93999;134087;79859;136354;140136;58467
130718;1;4;1;68;4;3;4;-2;3;2;270244;316553;52330;2832;142576;192674;47323;103175;5327;2642;19033;150187
45417;2;2;3;59;4;6;4;7;-1;0;448066;535407;244757;200531;504096;277365;13922;167679;15169;156802;47000;152750
415937;1;3;1;41;-1;4;1;5;-1;1;470074;51684;382453;543627;436678;352118;117938;197474;185609;49213;91661;116822
46778;1;2;1;32;7;8;5;6;-2;-1;217037;323038;559327;241216;558364;28620;3273;63349;160861;42515;93651;44927
301576;2;1;1;64;4;1;7;-2;3;4;554440;516170;115781;247356;499743;199566;166671;162510;6534;154392;107410;177411
373475;2;3;2;45;0;1;0;8;6;7;418880;299457;320392;582928;127695;453982;74764;96477;21955;9206;115635;153368
155786;1;4;1;27;2;3;0;4;6;2;125887;79260;190854;387212;92273;316185;157205;125363;31326;66916;154862;70600
666730;1;2;2;39;-1;0;6;-2;2;8;99304;177216;76222;354806;9089;434458;171534;194457;135299;65323;152474;28917
229576;1;1;2;31;1;-2;8;0;5;8;493879;218781;195210;273484;171361;402325;14081;189978;90870;135885;128310;167713
145234;2;2;2;38;4;6;0;2;1;-1;568510;362750;366905;160239;6815;157893;148561;86129;25988;64813;80156;198470
104921;1;2;2;47;0;5;-1;0;6;6;31471;331310;322970;396333;459674;447151;131306;148970;160731;153417;45990;194539
480393;1;1;1;41;0;2;-2;2;2;6;104969;348496;239706;302971;124496;554911;126530;176179;141300;92581;147973;119699
797794;1;2;2;31;8;-1;7;1;0;8;532419;329266;583367;454476;531949;279374;47311;63046;78973;67538;111494;91935
116623;2;2;1;66;-2;2;8;4;-2;0;216345;579556;278634;132209;336867;64586;83221;112204;25411;184243;94962;150984
161798;2;1;3;29;6;6;-2;5;7;3;568372;5713;307413;421770;97903;276351;15264;61845;165472;65119;71283;85627
378563;1;4;1;48;1;2;-1;3;7;3;428367;345262;248282;541177;522938;132643;60430;33333;51991;37479;134711;8533
182378;1;2;2;44;0;6;6;0;8;5;337059;393604;320204;439751;131477;38431;144827;110885;147982;166325;72249;21820
652841;1;4;3;36;1;8;-2;7;1;8;231236;56492;40827;424851;372289;233303;33381;117222;149202;49482;189647;167246
412520;2;4;1;29;6;2;5;-1;6;4;276057;244019;445370;374450;79663;536832;93100;163689;186008;130300;14604;3126
539948;1;2;1;65;7;-2;7;1;4;3;439062;268210;301270;192070;496861;41080;136893;42985;84251;107174;124417;65243
597396;2;2;3;61;5;2;0;3;-1;7;154152;599498;585862;252379;477666;337318;195512;121364;76712;165899;175875;55853
295972;1;3;2;27;-1;3;-2;2;1;-1;119541;370512;568226;249748;67683;41628;41931;191867;57532;32861;145520;188486
256795;1;4;3;29;-2;1;8;5;-2;-1;93677;211315;335249;518048;215228;453547;3180;27516;175647;10203;137212;86356
103987;1;3;2;40;-1;0;4;4;2;8;581108;343421;456060;402597;554868;5838;82957;23402;127485;97718;117971;4537
472029;1;4;2;31;5;5;4;0;4;8;278999;516674;188414;493678;456230;375450;80580;68474;61189;139495;105444;54834
749808;2;4;1;41;6;-2;-1;-2;-1;6;198584;306498;551036;394316;195163;590792;117132;48637;30613;9979;168240;104438
302898;2;3;3;21;-2;7;2;6;-1;7;452087;16403;48878;479931;259592;358520;187745;2165;15592;65322;100476;71360
248876;1;2;2;42;2;1;3;0;1;6;170283;429789;340951;562654;124595;488699;167959;85317;107990;102987;170891;140816
387060;1;1;1;22;1;1;8;5;-2;4;390803;4413;161554;279261;104085;203048;113140;64488;46733;92938;110737;65568
484692;1;2;3;65;3;0;8;1;3;0;340947;512147;487435;13745;399771;475171;144484;118760;121360;43377;5669;174875
371612;2;2;1;47;1;7;5;4;8;4;528983;2219;179820;285015;412733;165766;69354;79293;132019;93983;150828;189973
729107;2;3;3;67;-2;5;3;7;4;8;262707;553894;592912;436939;452511;420545;113606;27634;91125;4777;23921;38747
532131;1;4;2;41;-2;-2;-2;5;4;4;557046;529897;468090;514111;549443;427952;88002;3663;40959;69295;163880;21778
467138;2;1;2;23;0;7;4;4;3;4;221056;34395;315374;360620;100837;523070;37462;154273;121446;11637;56838;164115
756537;2;3;1;46;5;0;2;-1;5;7;531524;471097;97072;202537;441112;195142;191097;123693;61193;60141;132779;188591
172451;2;1;1;32;6;4;4;2;-2;-1;505457;515369;206392;71992;284011;29693;143995;92435;7731;147427;153161;91000
151184;1;2;1;66;-1;-1;1;5;8;5;543151;58106;22543;486573;49074;64748;148583;52158;170805;177644;45417;125715
70260;2;2;1;44;-1;7;8;0;5;1;335064;500585;84110;98884;352705;418432;33463;116973;114332;111547;66215;180770
515404;2;3;2;44;7;2;2;-2;3;-1;503007;100942;123515;51588;427191;233903;95196;77249;141684;177884;43859;178673
136161;1;3;2;25;7;7;7;4;-1;8;515656;40907;239190;172845;374451;328533;69918;82627;147316;148242;133099;36568
291144;2;4;1;66;2;8;0;5;0;7;174240;387937;550474;475841;373527;15072;45437;100564;84155;25071;190808;82226
674343;1;1;1;26;-1;-1;3;1;4;-2;553059;378042;488423;52617;50932;429222;9966;90355;196772;10140;139244;160401
33632;1;3;2;38;8;0;4;-1;3;-2;145883;500869;268268;261019;57030;282623;12735;135882;142392;141964;196149;16691
407852;2;1;1;41;3;6;5;3;4;3;243936;574611;287054;575658;552554;38400;45438;18969;147276;135754;21871;95565
58502;1;3;3;53;2;8;0;4;5;2;311112;214621;298885;443435;210708;262598;91881;115914;63325;132105;128098;198154
712341;1;2;3;57;4;4;3;0;3;3;508169;42656;438644;511110;582061;453075;187102;151262;83673;24608;41864;96473
411391;2;4;3;26;3;6;3;-2;3;5;458519;580541;574946;472781;177315;274072;136300;175042;174477;41505;67295;63236
60800;2;1;2;24;7;3;8;2;2;-1;587827;93176;356266;22940;258082;311534;72505;25146;31036;38847;103117;113313
206268;2;2;3;57;5;1;0;8;8;6;56746;152712;324715;211346;533028;578758;86987;32956;108373;91294;21550;44457
179242;2;1;2;43;8;0;7;7;6;1;344306;246298;452340;287433;315226;228073;58027;85850;113876;165037;67440;149181
73364;1;2;1;65;-2;0;2;2;5;5;441969;220789;381159;102593;323639;459494;116069;113625;66824;79904;81519;114251
719976;2;1;2;38;7;-2;5;6;2;8;499147;308467;392880;167147;250600;280087;125453;19732;58273;123483;117082;52335
